{
  "project_info": {
    "project_number": "244139096938",
    "project_id": "exp-3-42b4f",
    "storage_bucket": "exp-3-42b4f.appspot.com"
  },
  "client": [
    {
      "client_info": {
        "mobilesdk_app_id": "1:244139096938:android:9eeb5f9075e111ac7e0313",
        "android_client_info": {
          "package_name": "com.example.exp_3"
        }
      },
      "oauth_client": [],
      "api_key": [
        {
          "current_key": "AIzaSyCKGQe4u8O-DyL6Y4mrgJqf6eNnLLVhZ_o"
        }
      ],
      "services": {
        "appinvite_service": {
          "other_platform_oauth_client": []
        }
      }
    }
  ],
  "configuration_version": "1"
}